TotalToDos,TotalTasksAssigned,TotalTasksCompleted,TotalChecklistsAssigned,TotalChecklistsCompleted,TotalInfractions,TotalShiftSubmissionsCreated,TotalShiftSubmissionsCompleted,SetupsCreated,TotalBreaksRan,TotalCreatedPlays,TotalWastedItems,FirstWasteDate,TotalWastedItemsAllTime,TopPerformances,10PointRecognition,25PointRecognition,50PointRecognition,TotalRewardsRedeemed,TenantID,StoreName,StoreNumber,WasteOnly,CreationDate,State
24,1,1,21,1,0,1,0,5,0,11,0,2023-05-16 13:27:22,0,0,0,0,0,0,05XHmDXoe21dS3yremL9,Burleson,01417,false,2023-05-12 19:02:52,
2029,20,30,1613,613,176,109,62,318,298,31,14366,2023-01-20 14:48:29,28593,146,0,0,0,0,0GYBe9rfaN7D25FKVg1X,Paris FSU,04709,false,2023-01-11 20:26:23,TX
606,350,364,22,17,40,85,26,209,233,20,8320,2023-01-19 11:37:37,12685,31,9,20,5,0,0ywwOH3YB9F4STc2fBQf,Crossroads Center,03513,false,2023-01-19 15:27:57,MN
2525,137,148,1667,1166,277,359,274,200,533,20,2492,2023-01-11 10:01:03,4753,456,104,20,35,34,1CSWDZE9P1RVE8X5WTA6,Keller,03226,false,2023-01-01 04:00:03,TX
2,0,0,1,0,0,0,0,0,0,0,0,,0,0,0,0,0,0,1RSYFyV6f7kuZviTnyWq,Delafield FSR,04291,false,2023-03-16 16:48:30,
0,0,0,0,0,0,0,0,0,0,0,0,,0,0,0,0,0,0,1VL6S6GlmB56VBxSKgGq,Gates of Prosper,03893,false,2023-01-16 16:13:17,TX
0,0,0,0,0,0,0,0,0,0,0,7919,2023-03-08 16:44:44,13275,0,0,0,0,0,21kMphwo3aLdZe7b23bE,Westfield Wheeler Landing,04673,true,2023-03-08 19:55:18,
704,130,157,529,318,23,15,1,193,133,4,4,2023-01-23 15:28:53,73,1,7,4,2,17,3VU2OUY792VZ5QW4C3DI,Danbury Fair Mall,03549,false,2022-12-31 23:27:18,CT
0,0,0,0,0,0,0,0,0,0,0,1447,2023-04-18 15:49:15,1447,0,0,0,0,0,41t6uV6eoVIcdLReONRb,Chick-fil-A Monroe,02140,true,2023-04-18 19:36:36,
548,250,263,229,120,15,39,14,580,1325,30,9371.549999952316,2023-01-20 13:59:57,28323.87999996543,30,77,43,90,0,4H4jbJFufbvnJHluxKI9,Nona,04300,false,2023-01-20 18:23:21,FL
79,19,25,20,19,5,16,14,24,101,5,92,2023-05-04 00:09:56,83,14,0,0,0,0,4YTuCpU7ufAl8SljHI3T,One Bellevue,04384,false,2023-05-03 23:59:25,
566,101,131,397,322,14,0,0,0,0,0,,2023-02-22 10:58:22,29,0,10,2,23,2,5JGvTJB1KBjlvQDMlWdn,Ridge Road ,01242,false,2023-01-19 16:55:18,TX
18,13,18,0,0,7,0,0,0,0,0,0,2023-02-15 22:44:54,0,0,0,0,0,0,5JSE6JGECW2LECBGJ8J2,Topanga & Roscoe,03672,false,2023-01-01 01:14:59,CA
15,0,0,4,1,0,4,0,1,4,0,3151,2023-04-05 19:25:23,3151,0,0,0,0,0,6avF0c13dF6wAsxzn9j6,Triangle Town Center Mall,01466,false,2023-03-29 22:04:47,
494,1,1,162,80,0,155,57,3,0,37,,2023-01-09 17:21:58,52,148,3,0,0,1,6FFkOlxyQ5ukTlW3IqDt,Western Center Blvd,04282,false,2023-01-09 23:06:30,TX
0,0,0,0,0,0,0,0,0,0,0,10237.629997089505,2023-01-23 22:18:32,20932.579995423555,0,0,0,0,0,6g6SubhbTAoHOyJd4iTk,Maple & Ridge,03952,false,2023-01-18 15:49:50,KS
4339,1875,1908,2039,1576,81,198,127,497,1731,76,3,2023-01-30 11:04:03,558,231,976,915,909,57,6Kth8oHyT35ajXtL1oxi,Atlantic & Hodges,01139,false,2023-01-25 21:52:18,FL
174,27,27,105,37,3,16,6,7,7,6,21,2023-05-09 12:17:57,21,6,10,1,2,0,6ZN9y1I0pek3rIlSfC1L,Brandywine FSU,02456,false,2023-05-09 15:18:23,
270,16,16,153,99,77,16,3,0,42,0,463,2023-02-12 20:36:23,832,4,72,36,11,0,73gUGz3On85SQiUsE7Rh,Marrero,04357,false,2023-02-13 00:48:24,LA
2735,297,306,1912,1585,75,210,156,258,411,41,9669,2023-04-11 14:21:35,9669,157,10,13,8,1,7EbfosJSDdfXcnsXsd1P,West End,03621,false,2023-04-03 18:20:59,
429,52,52,155,128,105,83,53,25,6,9,3341,2023-03-24 17:13:11,3351,54,37,7,33,1,7JQJIk5BhkvZ1M6U0LOw,Chickfila Gause,02787,false,2023-03-24 20:28:41,
2103,493,496,1126,803,74,179,112,353,1843,1,11211,2023-03-30 09:38:19,11275,114,19,1,0,0,7OE7D6LoqztrbcmQH7Gb,Calera FSU,03934,false,2023-03-01 15:40:41,
525,502,505,2,0,91,0,0,0,2,0,2781,2023-03-23 10:58:24,2787,0,24,16,5,0,87P8gd2bhFvEc60D6MqK,Southeast Decatur,04084,false,2023-03-14 21:18:55,
4,0,4,0,0,1,0,0,6,10,0,8006,2023-03-28 10:01:27,8065,0,0,0,0,0,8EbYfRWhW3b4diDjqaWz,Commack,03567,false,2023-03-22 14:50:19,
0,0,0,0,0,0,0,0,0,0,0,,2023-03-09 21:25:54,34,0,0,0,0,0,9ICpwGRccIwGih5hhZHE,Chantilly Shopping Center,03316,false,2023-03-09 16:41:11,
0,0,0,0,0,0,0,0,0,0,0,0,,0,0,0,0,0,0,9sSVDBYozBAnB0YUrpNt,Chick-fil-A Ennis,04216,false,2023-04-26 01:13:34,
731,147,155,540,244,20,45,9,150,471,31,659,2023-05-05 20:27:55,659,9,3,0,0,0,9vf6PKpU3dkZ9aPYA2Ik,Phenix City,01815,false,2023-05-05 17:55:52,
4,2,2,2,1,0,0,0,1,2,0,28,2023-05-17 14:46:24,28,0,0,0,0,0,9z12MZAJIVqbx77GUB9L,Marbach at 410,03056,false,2023-05-05 17:22:35,
595,65,91,503,164,34,0,0,229,905,8,2396,2023-01-19 14:38:21,4919,0,1,0,0,0,a8pm3FLzHF1AB1B00x8J,Frisco Lakes,03754,false,2023-01-06 20:53:05,TX
0,0,0,0,0,0,0,0,0,0,0,,2023-01-06 15:49:44,4,0,0,0,0,0,AM0KVWHKRU33MEAOJQ4F,Prince Frederick FSU,04016,false,2023-01-01 02:27:57,MD
620,1,1,134,47,24,162,56,104,121,8,455,2023-05-03 22:13:31,455,56,12,4,5,0,AXlmJiYBlrgTIMJ44hig,Kettering FSU,03697,false,2023-04-28 16:47:12,
9,0,0,4,1,0,2,0,1,0,0,2,2023-05-18 15:32:03,2,0,0,0,0,0,AZJ0w7UIqx7VrOQtVQji,Parkway Village FSU,03111,false,2023-05-12 19:43:13,
0,0,0,0,0,0,0,0,0,0,0,,2023-01-05 09:02:07,171,1,0,0,0,0,b2h9gRxcOQK9GAQJsMQc,LakePoint,03302,false,2023-01-02 19:16:16,GA
752,62,122,514,245,1,219,83,72,10,5,5924,2023-01-02 11:00:26,12709,100,18,1,6,4,BNQMFPGD1AMPQH7YHM0I,Poway,03812,false,2023-01-01 04:45:39,CA
5,3,3,1,1,1,0,0,0,0,0,242,2023-03-09 14:47:51,254,0,0,1,0,0,bs5pyoWH5AkSAQJky1TF,Lake Mary Blvd,00869,false,2023-03-08 19:47:07,
444,3,6,400,139,10,1,0,106,99,14,579,2023-05-03 12:40:12,579,0,2,0,0,0,bXbUpCxUgOXrqM825wpu,Chick-fil-A Cedartown,05282,false,2023-05-01 17:40:43,
1213,108,161,859,546,0,109,1,507,741,33,6010,2023-01-11 13:30:08,18780,5,22,4,6,0,bYayz6hTqqgI5rQfidWS,Camelback & 16th Street,03191,false,2023-01-10 03:19:20,AZ
140,0,0,8,4,230,3,0,196,2545,10,2151,2023-03-08 13:17:01,2183,0,114,17,54,1,c9ViHeyUjHyIoyDsmDeJ,Chick-fil-A Highway 66,05047,false,2023-02-22 16:07:14,
618,4,4,244,119,0,216,18,167,0,14,3526,2023-04-09 12:54:02,3870,18,5,0,0,0,cBQV4qcjZGkInVQyLxqA,MacCorkle Ave FSU,04302,false,2023-03-27 01:37:02,
158,0,0,51,42,20,48,18,0,0,0,5725,2023-02-07 14:14:47,11231,45,76,9,2,0,ccb6AJ5kWCGoMJU57vsz,601 West 181st - In Line,04663,false,2023-02-03 00:23:19,NY
17,0,2,14,4,6,0,0,4,36,0,16263,2023-02-24 10:50:02,16278,0,1,0,0,0,CCH2U6Eej5Uc4N4yTCJG,Princeton FSU,03447,false,2023-02-11 16:56:37,WV
0,0,0,0,0,0,0,0,0,0,0,,2022-02-16 09:38:54,12,82,8,1,6,0,CFA_00851,South Cooper St,00851,false,2022-10-22 12:29:19,TX
0,0,0,0,0,0,0,0,0,0,0,,2022-05-19 08:26:46,9080,0,0,0,0,0,CFA_01489,Wards Road,01489,true,2022-10-22 12:29:19,VA
801,51,69,519,241,10,181,44,26,0,15,8525.25,2022-03-31 08:32:10,36466.730000168085,677,506,25,4,199,CFA_03470,N. Tarrant Pkwy,03470,false,2022-10-22 12:29:19,TX
2000,36,68,1211,857,370,232,97,136,15,22,6101,2022-01-13 15:30:57,47235,1347,89,128,400,32,CFA_03750,White Rock,03750,false,2022-10-22 12:29:19,TX
1627,176,181,858,648,75,336,112,562,913,19,1804,2022-02-09 11:45:41,53349,202,49,8,3,0,CFA_03925,Saginaw,03925,false,2022-10-22 12:29:19,TX
1414,67,69,1043,938,151,94,52,58,0,2,2063,2022-02-02 10:14:05,11267,316,43,29,153,9,CFA_03981,Spring Creek,03981,false,2022-10-22 12:29:19,TX
1029,0,0,293,241,85,246,184,395,1,25,12900,2022-02-08 16:24:49,83923,1631,9,0,11,0,CFA_04063,288 & Southfork,04063,false,2022-10-22 12:29:19,TX
0,0,0,0,0,0,0,0,0,0,0,14286,2022-03-11 14:42:01,125722,0,0,0,0,0,CFA_04101,Crater Lake & Pacific Hwy,04101,false,2022-10-22 12:29:19,OR
912,166,181,541,438,69,103,37,99,4,21,13473.5,2022-02-17 12:11:57,52262,402,47,17,6,9,CFA_04193,Sulphur Springs,04193,false,2022-10-22 12:29:19,TX
766,0,0,762,491,0,4,0,2,0,2,2034,2022-03-05 00:00:48,8339,7,61,40,4,0,CFA_04194,Rojas FSU,04194,false,2022-10-22 12:29:19,TX
1567,108,141,1172,594,26,135,10,84,51,21,1299,2022-03-26 01:39:58,5680,34,164,218,235,252,CFA_04498,Southlake,00498,false,2022-10-22 12:29:19,TX
0,0,0,0,0,0,0,0,0,0,0,,2022-06-30 12:36:38,18768,0,0,0,0,0,CFA_105061941,Clemmons FSU,03617,false,2022-10-22 12:29:19,NC
5029,2000,2402,1266,1055,232,589,388,419,18,242,4789,2022-12-15 01:27:31,6792,720,273,210,348,13,CFA_124230294,Georgia Street FSR,02811,false,2022-12-08 20:24:41,TX
1801,203,207,1468,1208,53,0,0,220,1182,21,11753,2022-12-28 22:09:59,17440.5,0,218,420,112,12,CFA_128184066,Hutto,04064,false,2022-12-23 13:13:06,TX
0,0,0,0,0,0,0,0,0,0,0,0,,0,0,0,0,0,0,CFA_138404846,Grapevine Mills,00657,false,2022-12-08 06:40:42,TX
0,0,0,0,0,0,0,0,0,0,0,,2022-06-30 17:09:49,11458,0,0,0,0,0,CFA_163076851,Hawks Creek,02050,true,2022-10-22 12:29:19,TX
711,115,120,575,465,172,0,0,345,6,35,27849.389999866486,2022-11-30 05:16:37,72334.9300019741,9,1,0,2,0,CFA_168141719,Enfield,03432,false,2022-11-29 03:20:43,CT
350,0,0,119,67,37,130,49,0,0,1,34895,2022-12-02 13:40:35,98989,85,0,0,0,0,CFA_178549524,Parma ,04177,false,2022-12-02 18:11:41,OH
977,4,4,394,281,57,253,177,172,82,16,20378,2023-01-11 17:39:36,39242,280,30,11,6,1,CFA_183672522,Grand Rapids South,03769,false,2022-12-30 20:46:41,MI
42,0,0,3,1,90,0,0,0,0,0,27,2022-12-31 13:59:53,75,0,1,0,0,0,CFA_187555889,Albemarle ,04251,false,2022-12-29 16:07:31,NC
0,0,0,0,0,0,0,0,0,0,20,,2023-01-03 14:20:00,355,5,11,1,0,19,CFA_191749934,Marshall FSU,04667,false,2022-12-01 19:19:58,TX
0,0,0,0,0,0,0,0,0,0,0,662,2022-10-13 18:36:54,9176,0,0,1,0,0,CFA_203184308,Seekonk FSU,03372,true,2022-10-22 12:29:19,MA
2700,57,62,1969,1411,90,263,133,177,379,40,1540,2023-01-09 15:24:09,3117,173,21,5,0,25,CFA_214133742,Wentzville FSU,02662,false,2022-12-12 20:20:36,MO
2723,359,359,1977,1881,127,275,138,112,2,9,387,2022-11-16 18:28:24,1670,403,106,72,64,32,CFA_217631044,Westheimer and Fondren,01895,false,2022-11-16 20:21:41,TX
2210,92,94,1571,1333,28,272,255,351,376,19,5651,2023-01-03 15:47:40,27183,558,187,186,48,11,CFA_228184438,Blue Springs,02713,false,2022-12-28 16:47:54,MO
1466,6,7,1005,896,178,220,13,743,670,6,8925,2022-12-26 09:49:13,21179,49,0,0,0,0,CFA_228536183,Columbus National,03659,false,2022-12-16 14:55:28,IN
931,111,112,310,285,109,258,186,170,0,4,6290,2023-01-02 16:15:56,18997,333,4,2,0,0,CFA_233881007,Chick-fil-A at Peace Haven,01186,false,2022-12-12 19:08:57,NC
0,0,0,0,0,0,0,0,0,0,0,,2022-10-24 10:34:49,5,0,0,0,0,0,CFA_236726180,Gresham Village,04382,true,2022-10-22 12:29:19,OR
7,0,0,2,1,37,0,0,0,0,5,1176,2022-11-30 14:53:27,6756,0,3,1,0,0,CFA_241577041,North Decatur,03923,false,2022-11-28 21:48:07,GA
0,0,0,0,0,0,0,0,0,0,19,,2022-12-13 09:30:09,2,0,16,2,13,2,CFA_250134080,Promenade at Castle Rock,04027,false,2022-12-02 18:33:14,CO
95,60,61,18,1,0,10,0,39,355,8,441,2022-12-29 18:44:06,815,0,0,0,0,0,CFA_251225441,Del Rio FSU,03180,false,2022-11-26 03:01:11,TX
968,36,37,931,598,0,0,0,324,1044,4,1842,2022-12-09 21:39:31,9552,0,41,28,13,0,CFA_257987129,Chick-fil-A Corinth,04986,false,2022-12-10 02:11:25,MS
0,0,0,0,0,0,0,0,0,0,0,,2022-05-06 14:40:00,46599,0,0,0,0,0,CFA_262271928,5th Street Hwy FSR,04200,true,2022-10-22 12:29:19,PA
0,0,0,0,0,0,0,0,0,0,0,0,,0,0,0,0,0,0,CFA_26281130,Polaris Parkway FSU,01501,false,2022-10-22 12:29:19,OH
18,0,0,6,2,0,6,0,0,0,14,3320,2023-01-03 11:14:08,9380,3,0,0,0,0,CFA_263226535,Chick-fil-A of Watauga,01195,false,2022-12-30 20:20:04,TX
1412,245,275,1070,685,38,0,0,441,8,33,3467,2022-12-17 14:41:42,5119,1,59,36,54,1,CFA_265137496,Chick-fil-A Manhattan (KS),03278,false,2022-12-13 17:05:09,KS
237,125,156,9,7,119,3,0,0,0,8,14104,2022-12-19 09:08:59,44130,1,58,92,199,1,CFA_274369609,38th & Steele,03318,false,2022-12-13 20:05:58,WA
1294,62,65,1135,570,40,25,14,216,152,18,42,2022-11-30 18:49:33,48,16,8,0,0,4,CFA_276010442,North Academy & I-25,01690,false,2022-11-30 19:01:35,CO
17,4,5,12,9,0,0,0,1,0,2,283,2023-02-06 19:22:45,932,0,7,2,2,0,CFA_278685868,NorthPark Center,01928,false,2022-12-31 03:38:45,TX
0,0,0,0,0,0,0,0,0,0,1,,2022-12-29 13:56:04,19921,0,3,0,0,0,CFA_293312694,Petal,05234,false,2022-12-29 17:09:59,MS
0,0,0,0,0,0,0,0,0,0,0,,2022-10-10 09:04:02,5,0,0,0,0,0,CFA_307576960,Weatherford,01697,false,2022-10-22 12:29:19,TX
0,0,0,0,0,0,0,0,0,0,0,0,,0,0,0,0,0,0,CFA_32113926,Empire Place,04566,false,2022-12-01 00:22:32,SD
119,0,0,57,46,43,0,0,0,0,0,,2023-01-04 13:12:58,1,0,8,11,13,0,CFA_327566798,St. Clairsville FSR,04253,false,2022-12-05 15:38:09,OH
6,0,0,6,3,0,0,0,2,14,4,,2022-12-12 12:18:12,61,0,0,1,4,18,CFA_335999514,Peachtree at Collier,01262,false,2022-12-07 15:46:58,GA
1973,236,281,1650,1243,29,3,0,34,3,12,2554,2023-01-12 18:45:16,2571,0,167,43,15,22,CFA_340045866,Paducah,02194,false,2022-12-30 18:22:03,KY
2471,208,268,1756,1102,0,161,50,319,1403,30,2998,2023-01-30 00:46:22,4308,65,1,0,0,57,CFA_346711803,Winterpock,02792,false,2022-12-26 17:53:59,VA
506,0,1,294,256,114,80,0,0,0,1,21912,2023-01-13 14:22:13,34025,1,4,0,1,1,CFA_353087842,Hwy 59 and Kirby,01801,false,2022-12-31 18:18:58,TX
1321,2,2,1308,522,7,0,0,374,585,1,2124,2022-12-20 10:50:02,5757,0,11,23,59,11,CFA_359265877,Joshua Towne Restaurants,01758,false,2022-12-07 19:58:35,NC
0,0,0,0,0,0,0,0,0,0,14,,2022-12-19 09:19:58,272,0,25,9,7,0,CFA_362788039,183 & Central ,04190,false,2022-12-12 19:58:40,TX
0,0,0,0,0,0,0,0,0,0,7,3252,2023-01-19 09:30:17,3864,0,1,0,0,0,CFA_374171812,Hwy 99 & 196th FSU,04373,true,2022-12-30 22:39:18,
583,44,47,535,399,0,0,0,188,0,21,2728,2022-12-13 22:43:14,13986,0,0,1,0,1,CFA_376045130,North Garland,01474,false,2022-12-12 18:28:50,TX
1189,64,67,628,401,158,267,140,0,0,0,3906,2022-12-08 16:10:44,9538,301,161,68,34,3,CFA_376278095,Ocean View Hills,04241,false,2022-11-25 23:54:37,CA
0,0,0,0,0,0,0,0,0,0,0,,2022-06-03 14:07:43,14910,0,0,0,0,0,CFA_37703376,Red Oak,03964,true,2022-10-22 12:29:19,TX
3028,188,188,2132,1919,122,454,220,590,722,24,3880,2022-12-07 11:25:06,10405,361,177,30,1,14,CFA_378767877,Eldorado & Ridge,03675,false,2022-12-07 16:54:08,TX
130,69,76,4,1,164,0,0,193,2,2,130,2022-12-23 18:21:47,824,0,88,64,111,1,CFA_387911616,Heritage Towne Crossing,01193,false,2022-12-22 20:41:21,TX
0,0,0,0,0,0,0,0,0,0,0,,2022-08-30 14:43:31,46,0,0,0,0,0,CFA_393389513,Chick-fil-A ,04242,true,2022-10-22 12:29:19,CA
126,32,39,36,18,24,0,0,192,808,20,29930.75,2022-11-17 11:36:30,127946.67999988794,0,11,0,3,0,CFA_394323532,Mile of Cars DTO,03764,false,2022-12-26 22:39:45,CA
0,0,0,0,0,0,0,0,0,0,0,0,,0,0,0,0,0,0,CFA_40194804,6th & Congress,04547,true,2022-10-22 12:29:19,TX
2865,1377,1385,1332,1154,86,21,13,294,62,16,921,2022-12-20 09:38:59,2257,26,85,31,22,4,CFA_402190006,Bastrop,03100,false,2022-12-01 20:00:28,TX
704,2,4,256,162,0,235,50,3,1,0,11026,2022-11-18 20:43:11,24094,79,0,0,0,0,CFA_412676756,Debbie Ln & Matlock Rd,04911,false,2022-11-17 04:49:24,TX
55,0,0,55,27,0,0,0,148,0,15,5522.5399997206405,2022-12-30 09:01:43,13214.184999017976,0,17,5,6,0,CFA_414601877,Central & Rock Rd,02817,false,2022-12-30 14:22:43,KS
534,16,16,504,410,10,0,0,0,0,2,,2022-12-08 13:03:50,95,0,1,8,6,6,CFA_422142165,Melbourne Square,00221,false,2022-12-07 19:02:33,FL
42,0,0,0,0,118,0,0,0,0,0,13061,2022-05-26 08:54:19,104175,0,7,1,1,0,CFA_425951701,Chick-fil-A Corsicana,04627,false,2022-10-22 12:29:19,TX
866,40,42,807,712,125,0,0,0,0,0,,2023-02-01 09:59:22,2,0,69,2,8,7,CFA_428402908,Chick-fil-A,03451,false,2022-12-30 21:54:00,NY
0,0,0,0,0,0,0,0,0,0,0,,2022-12-21 16:29:52,46,0,3,1,0,0,CFA_430986043,Austin Highway,02632,false,2022-12-20 21:50:42,TX
764,0,0,335,247,23,159,86,9,0,12,77,2022-11-30 14:54:30,120,290,99,14,10,4,CFA_431860022,Millsboro,02884,false,2022-11-30 17:15:32,DE
573,2,2,154,105,31,142,61,142,0,7,3188,2023-02-27 15:49:43,4567,85,0,1,0,0,CFA_43289804,Cache Road,00941,false,2022-12-01 18:46:05,OK
0,0,0,0,0,0,0,0,0,0,0,0,,0,0,0,0,0,0,CFA_439459337,Snapshot,88888,false,2022-12-14 19:17:56,
183,64,73,81,15,144,7,3,4,0,14,307,2022-12-13 13:48:01,689,3,30,5,8,0,CFA_451587213,Barry Road FSU,02935,false,2022-12-12 19:15:23,MO
0,0,0,0,0,0,0,0,0,0,0,215,2022-08-19 13:24:20,2174,0,0,0,0,0,CFA_458347776,Hwy 26 at Precinct Line ,03608,false,2022-10-22 12:29:19,TX
265,123,123,105,19,2,22,5,101,145,5,1,2023-01-09 18:21:15,713,56,16,4,12,0,CFA_4589833,Chick-Fil-A FVH,02831,false,2022-12-16 19:18:28,IL
985,218,245,586,407,80,114,17,80,0,79,8160,2023-01-16 12:27:48,9219,26,15,16,23,28,CFA_475462388,Trussville,01143,false,2022-12-27 19:58:55,AL
55,8,8,32,26,49,0,0,0,0,1,8326,2023-01-19 15:13:24,19712,0,12,2,0,0,CFA_476482891,Grand Junction,01691,false,2022-12-31 17:40:10,CO
571,39,40,520,414,18,0,0,0,0,0,1,2023-04-06 22:56:23,1,0,0,0,0,0,CFA_48468036,Silverlake,01284,false,2022-10-22 12:29:19,TX
2592,54,59,1905,1374,32,357,217,339,433,45,5762,2022-11-30 08:52:10,17756,570,170,225,10,4,CFA_487761446,Razorback Road,02196,false,2022-11-29 17:09:12,AR
353,67,89,200,167,30,0,0,210,2797,14,,2022-12-06 10:37:30,5.152000427246094,0,21,5,1,0,CFA_493591134,52nd and Wadsworth ,02636,false,2022-11-29 23:35:18,CO
0,0,0,0,0,0,0,0,0,0,2,,2022-12-29 12:30:08,25,0,0,0,0,6,CFA_496439082,South Loop,04313,false,2022-11-29 17:30:04,IL
3307,46,70,2797,716,27,189,31,739,1350,59,2653,2022-12-28 14:52:25,6347,35,0,0,0,0,CFA_500045538,Manahawkin,03650,false,2022-12-21 18:17:37,NJ
1197,536,632,182,150,48,147,53,90,0,48,12665,2023-02-09 15:57:46,24922,90,5,2,49,2,CFA_503274762,Westgate Mall (TX),00336,false,2022-12-08 20:49:17,TX
383,4,4,366,329,59,0,0,0,0,2,136,2023-01-04 12:34:28,684,0,6,0,4,1,CFA_50367567,Broward mall,00066,false,2022-12-31 00:19:06,FL
303,4,4,108,83,31,62,10,54,0,1,2491,2022-12-30 10:15:18,16003,46,87,28,30,19,CFA_504554730,Rayzor Ranch,02213,false,2022-12-22 18:15:51,TX
21,0,0,14,3,5,0,0,54,0,1,,2022-12-02 10:31:48,63,0,1,0,0,0,CFA_508919895,Killeen FSU,02429,false,2022-11-30 19:47:41,TX
1740,203,215,1518,1204,0,7,0,475,1519,10,9234,2022-10-05 08:42:14,26488,12,3,5,0,0,CFA_521879103,Anna Town Center,04191,false,2022-10-22 12:29:19,TX
523,8,8,414,240,8,43,23,234,913,3,6949,2023-01-04 13:24:09,11083,87,21,5,2,2,CFA_524705424,Jacksonville (AL) FSU,04457,false,2022-12-19 17:52:59,AL
1098,12,13,793,721,6,372,229,167,17,6,1343,2023-02-06 22:00:56,2826,491,47,8,4,84,CFA_536120975,Seaford FSU,04135,false,2022-12-13 21:12:35,DE
1210,94,110,610,417,158,184,111,318,136,3,14354,2023-01-06 14:28:19,17054,119,73,12,1,2,CFA_544514088,Kingston Overlook,00994,false,2022-12-30 18:51:01,TN
342,185,190,152,121,0,0,0,411,1243,9,7757,2022-12-15 10:49:27,14637,0,8,1,0,0,CFA_55063323,Saxony,03623,false,2022-12-07 19:11:52,IN
2907,897,1101,1093,687,127,310,168,328,1125,30,7622,2023-01-20 10:19:14,21699,319,202,98,107,3,CFA_552649793,Stacy Rd,02354,false,2022-12-20 23:33:06,TX
4349,3,3,3676,2656,150,272,158,524,1010,51,20462,2022-12-19 17:16:02,48812,241,51,89,154,12,CFA_559931607,Stephenville FSU,05167,false,2022-12-06 22:44:53,TX
668,219,237,136,99,75,97,37,66,1,4,38,2022-12-03 11:43:11,3955.5,89,61,80,23,15,CFA_570852305,Lebanon & Tollway,04033,false,2022-12-02 22:27:11,TX
584,34,36,543,501,0,0,0,73,24,3,1397.6999998092651,2022-12-23 11:03:05,10536.199999690056,0,8,4,59,6,CFA_570885398,Cutten,00599,false,2022-12-09 19:21:13,TX
0,0,0,0,0,0,0,0,0,0,0,,2022-12-17 12:34:30,1412,0,0,0,0,0,CFA_599568198,South Corona at the Crossings,01564,false,2022-12-17 16:38:29,CA
416,0,0,236,221,35,79,41,0,0,0,957,2023-03-01 11:31:38,3065,60,0,0,0,0,CFA_603325588,Meyer Park,04650,false,2022-12-31 18:20:31,TX
677,98,98,243,150,50,194,69,0,0,1,1770,2022-12-01 22:00:52,11363,192,61,4,14,12,CFA_603775473,North Spokane & Route 2,04481,false,2022-11-09 21:21:44,WA
1810,34,52,1060,717,123,291,147,265,2,21,4623,2022-12-14 14:23:33,28598,374,80,44,38,2,CFA_607607583,Vicksburg FSU,03037,false,2022-12-14 15:41:13,MS
535,47,53,482,327,0,0,0,222,1340,13,1,2023-02-26 14:12:02,308,0,2,0,1,0,CFA_607985237,Terre Haute,03020,false,2022-12-28 14:06:21,IN
1647,3,4,1563,450,19,72,10,394,104,33,9951.865002460778,2023-01-13 09:02:48,17865.544999577105,19,4,7,0,0,CFA_608383792,K96 & Greenwich,04721,false,2022-12-30 14:31:04,KS
2958,1521,1652,1039,776,90,0,0,381,1529,29,16399,2022-12-12 22:45:55,34515,0,472,584,1012,452,CFA_610847074,01449 Dowlen Road,01449,false,2022-12-05 21:26:03,TX
2454,1027,1371,442,336,142,277,116,244,594,12,22119,2023-01-18 15:54:34,44475,179,59,15,4,4,CFA_611478052,Centreport,03834,false,2022-12-12 19:47:27,TX
0,0,0,0,0,0,0,0,0,0,0,,2022-06-23 14:15:12,4582,0,0,0,0,0,CFA_61289380,Chick-fil-A South Asheville,01443,true,2022-10-22 12:29:19,NC
177,0,0,171,0,35,0,0,127,6,9,17,2023-01-18 11:09:23,20,0,1,0,0,0,CFA_619962696,Elm St. In-Line,04806,false,2022-12-02 22:15:41,TX
801,42,42,634,356,82,0,0,82,5,5,643,2022-12-16 10:41:41,895,0,0,0,0,0,CFA_625867095,CFA Lake Highlands,02801,false,2022-12-14 17:23:52,TX
0,0,0,0,0,0,0,0,0,0,0,0,,0,0,0,0,0,0,CFA_633046078,Chick-fil-A Montgomeryville,03225,true,2022-10-22 12:29:19,PA
318,2,2,68,40,48,70,32,1,0,5,10474,2022-12-02 16:59:51,32998,79,69,48,71,4,CFA_637876365,Eldorado & Tollway,02093,false,2022-12-02 22:52:39,TX
721,18,23,695,502,10,0,0,247,164,7,8610,2022-12-15 10:49:04,15210,2,2,0,0,0,CFA_649997088,State Road 37,01438,false,2022-12-07 18:56:52,IN
1114,30,30,717,595,76,90,63,149,37,14,6408,2022-12-06 16:40:06,11516,104,114,42,9,11,CFA_665214841,Pine Island Road FSU,02489,false,2022-11-30 16:44:48,FL
1315,128,142,670,567,79,193,132,246,509,4,33071.09334863722,2022-12-30 18:02:23,80669.83934996277,289,754,222,501,74,CFA_66887565,Chick-fil-A Walker,04599,false,2022-12-30 15:13:44,MI
1354,125,149,551,494,68,321,239,117,0,17,2,2022-12-27 09:09:44,295,375,287,108,223,26,CFA_673290980,Plattsburgh FSR,03898,false,2022-12-26 14:50:50,NY
0,0,0,0,0,2,0,0,0,0,0,575,2023-02-14 15:00:35,1165,0,3,1,0,2,CFA_674013358,Chick-fil-A Cambridge,04140,false,2022-12-26 16:56:54,MD
0,0,0,0,0,0,0,0,0,0,0,0,,0,0,0,0,0,0,CFA_687520007,Inwood Road,00692,false,2022-12-12 15:39:28,TX
836,8,9,408,184,73,146,27,747,13,12,11228,2022-11-03 18:37:48,41188,36,10,0,0,0,CFA_695306051,Beltway 8 & Hammerly,03809,false,2022-11-03 19:26:10,TX
609,117,127,433,264,98,0,0,345,1204,13,10218,2022-12-09 15:42:26,14661,0,178,226,319,76,CFA_730929101,03312 College Street,03312,false,2022-12-08 02:03:45,TX
4333,1116,1153,2821,2494,30,356,144,563,1235,29,1,2023-01-23 10:29:13,36,249,62,55,35,13,CFA_731284650,The Colony FSR,00774,false,2022-12-24 18:42:01,TX
489,121,124,365,326,0,0,0,95,441,2,7132,2022-12-23 11:07:44,18058,0,12,0,63,0,CFA_732354440,Walters,03338,false,2022-12-09 19:27:56,TX
0,0,0,0,0,0,0,0,0,0,0,0,,0,0,0,0,0,0,CFA_73623832,Chick-fil-A Surfside,01332,false,2022-12-27 16:01:11,SC
739,49,57,372,272,45,171,75,342,418,2,7929,2023-01-02 17:53:37,17243,126,65,7,1,0,CFA_746670805,01951,01951,false,2022-12-02 17:26:06,TX
3001,1070,1229,1106,608,52,292,143,342,1489,23,7230.5,2023-01-10 12:29:25,21375.5,271,219,138,155,11,CFA_753397873,Twin Creeks Village,00783,false,2022-12-20 23:30:33,TX
0,0,0,0,0,0,0,0,0,0,0,,2022-12-30 14:13:06,1,0,0,0,0,0,CFA_759946174,Alameda Avenue,02347,false,2022-11-17 20:41:08,CO
0,0,0,0,0,0,0,0,0,0,0,3862,2022-11-14 15:43:21,10412,0,0,0,0,0,CFA_768671356,Moncks Corner,02788,true,2022-10-22 12:29:19,SC
2044,0,0,1146,897,312,442,273,0,11,6,156,2022-12-19 08:22:13,738,517,334,214,113,11,CFA_790862386,Rivers Avenue,00654,false,2022-12-15 17:25:15,SC
0,0,0,0,0,0,0,0,0,0,47,,2022-12-13 09:21:20,51,0,5,0,1,0,CFA_792408920,Castle Rock,01580,false,2022-12-02 16:54:07,CO
1222,66,67,487,341,576,111,55,130,48,8,12703.880068778992,2022-12-12 19:48:01,24083.370067231357,55,30,12,1,0,CFA_795074866,Ellisville FSU,03780,false,2022-11-30 04:21:14,MO
0,0,0,0,0,0,0,0,0,0,0,,2022-07-13 10:51:24,11,0,0,0,0,0,CFA_798001147,Polaris Fashion Place Mall,01401,false,2022-10-22 12:29:19,OH
0,0,0,0,0,0,0,0,0,0,0,0,,0,0,0,0,2,0,CFA_801779131,Frankford Road,01108,false,2022-12-01 03:14:53,TX
2454,46,52,1511,1253,368,351,144,228,373,22,9233,2022-12-12 11:28:29,20784,354,150,102,15,35,CFA_802417727,North Collins FSU ,01307,false,2022-12-10 06:56:24,TX
0,0,0,0,0,0,0,0,0,0,2,,2022-12-07 14:20:45,4,0,0,0,0,0,CFA_831855148,Chick-fil-A NE Main St.,04702,true,2022-12-07 14:14:01,SC
1422,140,159,1260,1115,0,1,1,265,393,8,150,2022-12-09 16:04:13,1495,1,0,0,0,0,CFA_839835470,Montgomery Plaza,02669,false,2022-12-08 16:32:33,TX
631,5,7,562,431,19,44,8,147,44,6,10026.86999964714,2022-12-04 15:55:48,10282.86999964714,8,0,0,0,0,CFA_842565335,CFA Stillwater,01973,false,2022-12-03 17:09:38,OK
0,0,0,0,0,0,0,0,0,0,0,0,,0,0,0,0,0,0,CFA_866746636,Hudson Oaks,03862,false,2022-10-22 12:29:19,TX
1631,112,114,768,587,132,307,220,176,590,3,10639,2022-12-06 15:21:05,22665,491,234,124,43,5,CFA_867933919,Hamilton Marketplace,01418,false,2022-12-05 17:49:13,NJ
886,92,93,496,466,0,116,57,5,0,3,2639.7599996998906,2023-01-05 12:54:17,5340.06000020355,57,3,1,0,2,CFA_875678217,CityLine,03740,false,2022-12-15 19:00:56,TX
424,9,10,388,247,63,0,0,26,0,6,17088,2023-01-13 14:11:18,36216,0,57,38,17,2,CFA_892870803,Green Mount Commons ,02856,false,2022-12-20 17:20:58,IL
1036,66,71,479,341,79,234,77,902,815,21,2673,2023-01-10 09:46:13,6612,125,627,112,48,2,CFA_898475721,Talbert Rd,04683,false,2022-12-30 20:02:38,NC
1149,70,73,697,535,51,138,53,144,2,45,18,2023-01-09 21:20:01,269,71,52,41,22,0,CFA_902391165,Fort Lauderdale,03314,false,2022-12-31 14:44:37,FL
126,15,15,76,69,82,0,0,19,0,5,1134,2022-12-12 14:43:53,5561,0,16,12,12,0,CFA_905434470,Chambers and Parker Road,01304,false,2022-12-02 18:15:07,CO
360,42,51,273,186,43,0,0,215,1091,3,14587.5,2022-05-19 13:02:28,86494.90000000596,0,45,90,7,17,CFA_918635333,Stockyards FSU,04648,false,2022-10-22 12:29:19,TX
1391,51,67,1092,1002,404,86,60,209,284,40,22462,2022-12-02 20:44:19,35352,139,120,26,22,6,CFA_92522395,Bryan FSU,00457,false,2022-12-01 03:53:31,TX
1634,110,140,725,508,134,255,128,656,1031,32,7647,2022-07-20 05:46:22,36246,208,234,35,5,0,CFA_934597853,Shadow Creek,04000,false,2022-10-22 12:29:19,TX
186,21,53,48,9,35,15,1,103,168,3,3322,2022-12-24 11:22:54,6941,1,8,0,0,9,CFA_936426842,CFA Missoula,04795,false,2022-12-06 18:31:03,MT
43,2,4,1,1,57,0,0,0,0,0,1,2022-11-30 18:11:56,17,0,2,2,1,0,CFA_937446710,Bethany Home DTO,04013,false,2022-11-29 18:39:00,AZ
0,0,0,0,0,0,0,0,0,0,5,,2022-12-02 15:17:44,99,9,19,6,1,3,CFA_937844482,Chick-fil-A Craig Road & Scott Robinson,04113,false,2022-12-02 17:10:13,NV
1615,116,122,1032,841,117,376,187,383,113,3,6634,2022-11-29 20:13:04,11604,350,43,4,4,15,CFA_943530182,West Bryan,03794,false,2022-11-29 21:24:02,TX
102,0,1,44,1,6,37,0,26,5,11,27,2023-01-31 11:55:32,27,0,1,0,0,0,CFA_955892002,Larry Mulkey Memorial,04828,false,2022-12-05 02:29:17,GA
298,3,3,184,59,0,32,22,40,10,8,176,2022-12-19 16:29:46,1770,93,11,0,1,0,CFA_959866446,Chick-fil-A Buckland Hills,04561,false,2022-12-19 19:37:03,CT
761,160,179,261,95,73,144,9,95,5,10,16287,2022-12-14 12:29:30,40126,12,111,145,187,5,CFA_961615886,Fircrest,04046,false,2022-12-13 20:09:47,WA
0,0,0,0,0,0,0,0,0,0,0,,2023-01-06 12:14:19,21,0,0,0,0,0,CFA_973189566,Denver (NC),03644,false,2022-12-30 21:20:15,NC
423,33,34,382,362,4,1,0,0,0,0,5696,2023-02-06 08:07:02,10242,11,27,12,1,1,CFA_98149233,Meyerland Plaza,01037,false,2022-12-31 18:17:04,TX
1698,225,235,583,396,47,388,259,143,4,9,19800.5,2022-12-12 14:47:01,23691.5,447,13,3,5,1,CFA_982947688,Trinity Mills,04834,false,2022-12-02 20:11:04,TX
349,6,10,255,26,77,5,4,155,374,12,9087,2022-12-12 23:14:24,12404,9,0,0,0,0,CFA_983443576,Plymouth (MN),04656,false,2022-12-12 23:21:17,MN
396,15,17,379,248,1,0,0,379,1650,27,,2022-05-24 13:11:22,7592,0,1,0,0,0,CFA_993660836,I-820 & Clifford St,04142,false,2022-10-22 12:29:19,TX
1871,1124,1135,663,565,147,0,0,119,1,0,0,2023-02-23 16:29:06,0,0,126,12,0,17,CFA_999831589,NicevilleFSU,02366,false,2022-12-21 16:06:00,FL
33,11,11,11,8,2,4,3,4,3,10,-15,2023-03-29 11:42:29,-14,3,0,0,1,0,cKETILNm5PaegEZmlNzM,Teterboro Landing FSR,03633,false,2023-03-27 18:03:19,
1097,224,230,434,385,26,197,151,199,24,9,1988,2023-02-07 16:04:16,3741,272,1,0,0,0,dA4zPqgACH0djaHxaRl7,La Palmera,00230,false,2023-01-16 21:04:14,TX
0,0,0,0,0,0,0,0,0,0,0,952,2023-04-04 20:06:29,952,0,0,0,0,0,dFCiYKbAspPkUxOMbC0q,Savannah Hwy,02531,false,2023-03-01 17:23:35,
1180,160,161,786,498,141,0,0,242,45,0,5722,2023-03-07 15:19:05,6736,0,21,4,0,1,dilneN3YiQxvrzN1thGl,Wildwood Centre,00832,false,2023-03-07 16:24:19,
1378,16,25,718,609,0,226,59,219,2,34,13541,2023-01-27 18:13:06,23159.399999976158,94,6,4,4,0,djpSXPzVeY9b8fhSynYB,Southridge Center,02891,false,2023-01-13 18:44:06,WV
940,33,37,541,182,45,188,29,443,1677,33,1592.300000011921,2023-01-19 15:05:54,1637.300000011921,30,9,3,2,0,dMuANMSjBnOqyNRGbmEa,Chick-fil-A Chesterfield Plaza,01227,false,2023-01-16 14:08:36,VA
27,2,4,22,2,2,0,0,3,0,1,7,2023-04-18 16:03:35,7,0,4,0,0,0,dN1tdyFrulR53vBFsgiI,Wells Road,01360,false,2023-04-14 18:59:23,
1213,179,201,324,243,192,268,148,562,5957,27,3966,2023-03-05 12:49:45,4282,180,28,9,5,19,DTYwsLMpo78wQuSmUSV4,Whipple & 101,04361,false,2023-03-01 23:44:23,
2,0,0,2,0,0,0,0,0,0,0,5,2023-05-15 14:31:42,5,0,0,0,0,0,E7o7BIUSWYhawoTPzPlL,Founders Square,00740,false,2023-05-15 17:41:12,
727,2,2,724,409,0,0,0,0,0,0,0,,0,0,0,0,0,1,eb7uWXmQr7PmLsXPJzMu,Edwardsville (IL) FSU,05060,false,2023-01-16 17:21:31,
0,0,0,0,0,0,0,0,0,0,0,5,2023-05-24 16:07:28,30,0,0,0,0,0,EBGhxlCiPDTDKSDRPUA1,Cleburne FSU,04619,false,2023-05-23 17:46:24,
1548,77,99,921,590,106,195,81,270,0,22,16877.5,2023-02-10 20:50:06,29701.699999809265,163,314,159,160,6,ed5bk9LgqmqakI93apew,Crestview,03986,false,2023-02-04 19:38:17,FL
38,0,0,22,0,1,6,0,2,0,8,945,2023-05-22 22:30:58,957,0,1,0,0,0,EEEJOsjS0qulxGhuV4pq,Prestonwood ,03586,false,2023-05-13 19:18:54,
7239,1684,1733,4718,3002,15,292,220,419,892,18,663,2023-02-26 15:47:47,1771,329,38,5,7,64,ePvuTZ1wiUW45rpvgUJY,Chick-fil-A University ,03975,false,2023-02-13 16:42:31,TX
391,21,31,76,61,133,100,56,377,517,26,1917,2023-03-27 09:54:55,1917,56,16,3,3,0,eVImEQO89xcjQ7CXUg7p,Chick-fil-A Ocoee,00768,false,2023-03-16 17:07:59,
0,0,0,0,0,0,0,0,0,0,0,8213,2023-01-04 14:19:41,28072,0,0,0,0,0,ey2wS6ONfTeUlOcqACc3,Norridge FSU,04167,false,2023-01-04 18:35:58,IL
0,0,0,0,0,0,0,0,2,0,0,75,2023-04-29 13:58:34,75,0,0,0,0,0,eZ1EhLZs9tFJCg78PDZ8,Mccalla FSU,02228,false,2023-04-27 20:46:19,
168,0,3,103,1,93,3,0,18,0,18,3,2023-05-09 09:57:23,3,0,1,0,0,0,f06quEz3GTrGhgTC6r0b,Chick-fil-A Barrett Parkway,00863,false,2023-04-04 14:31:21,
0,0,0,0,0,1,0,0,1,0,0,20433,2023-02-17 16:14:28,29329,0,0,0,0,0,F9puZLX0O5Mslqf67WJ4,Chick-fil-A Madison Avenue Sacramento,03441,false,2023-02-18 00:12:01,
548,41,41,248,157,12,104,32,57,299,11,30628,2023-03-18 17:02:27,30835,32,1,0,0,5,fcf0tAD7z9tDmomY5EKC,Thibodaux FSR,04390,false,2023-03-17 23:11:44,
2,0,1,1,0,13,0,0,70,554,10,49,2023-05-08 19:25:18,49,0,0,0,0,0,FD0i7ZFxG5XjkZ6gNmW7,D'Iberville FSU,02463,false,2023-03-01 15:01:57,
15,0,0,11,2,0,3,0,20,0,10,46,2023-05-23 14:13:30,46,0,0,0,0,0,fFwVtBfkGU50J9yRAYz3,Pleasant Prairie,04088,false,2023-05-10 22:06:34,
0,0,0,0,0,0,0,0,0,0,0,2686,2023-03-20 17:19:03,3613,0,0,0,0,0,fnOromzaVGLlrK2YC7vw,04372,04372,true,2023-03-20 21:48:59,
8,0,0,2,1,1,4,2,25,1,5,0,2023-05-09 19:14:51,0,2,0,0,0,0,fRZ1fs27D7X2rNQ4AdJd,Newport Pavilion,02525,false,2023-05-09 17:03:27,
0,0,0,0,0,0,0,0,0,0,5,0,2023-01-13 15:31:49,0,3,4,0,0,0,fz7OYS3FOCZrp5ryHJnR,Moorpark Rd,03175,false,2023-01-13 23:03:18,CA
1595,86,114,1183,430,16,190,35,496,1143,23,7249,2023-01-12 18:10:46,21236,87,1,0,0,0,g3sUSrTkk0NahBpZUeLC,Arnold FSU,02629,false,2023-01-12 21:03:11,MO
48,2,2,1,1,196,0,0,401,1907,10,32931,2023-01-20 09:29:56,33035,0,117,78,66,0,g4Sf90S3QA24KYGO1SNJ,Hampton & Chippewa,04068,false,2023-01-19 21:31:51,MO
0,0,0,0,0,0,0,0,0,0,0,5721,2023-03-29 08:58:08,5733,0,0,0,0,0,gCP1SgnIDPDmrZpqPifc,Racine,03602,true,2023-01-16 15:22:47,WI
0,0,0,0,0,0,0,0,0,0,0,0,2023-05-23 09:58:35,0,0,0,0,0,0,GfVwaRFEG2e98BXrzilH,17th and Wanamaker,03763,false,2023-05-17 16:52:56,
131,6,6,109,40,22,1,0,0,0,0,,2023-01-28 14:13:09,13,0,24,2,0,0,GhBktE0CVVOZeV9jbbxh,Chick-fil-A Oxford Valley Road,02072,false,2023-01-23 03:24:30,PA
2,0,0,0,0,3,0,0,0,0,0,3,2023-05-23 09:59:23,3,0,0,0,0,0,GO2Z3lkLmOv72kA9hS9D,Mesa Street & Remcon Circle,03273,false,2023-05-23 04:10:18,
21,1,1,1,1,8,0,0,2,4,2,0,2023-01-06 13:35:26,0,0,0,0,10,2,GoJ1MI82D6FsHhQvjtE6,Kirkwood Hwy,04491,false,2023-01-06 16:48:48,DE
1389,24,24,1177,782,111,65,33,156,39,30,6211,2023-03-15 16:17:49,6250,33,31,8,0,0,gtLJLPyQ9t8TVaseAPAw,Covington - Highway 21,01451,false,2023-03-11 13:39:50,
3,0,0,3,0,0,0,0,1,0,1,0,,0,0,0,0,0,0,gWFS5jjiNsrhhnUp6DdA,Oglethorpe Mall,00210,false,2023-05-01 15:50:21,
1203,300,313,848,642,11,3,0,278,5,26,25835,2023-02-07 16:00:15,43643,2,13,1,16,26,gyEZfzQTDeYutcQsBI3V,Magnolia Mall,00168,false,2023-01-27 21:41:26,SC
0,0,0,0,0,0,0,0,0,0,0,0,,0,0,0,0,0,0,h1cysYsinp8xSKcvVfLu,East Washington St,04708,false,2023-03-14 16:30:52,
0,0,0,0,0,0,0,0,0,0,0,0,2023-02-03 15:08:52,0,0,0,0,0,0,h2QGntTg5uVQlgcClBQl,Lakewood FSU,04449,false,2023-01-06 22:38:14,FL
46,0,0,46,10,0,0,0,0,0,0,,2023-03-06 10:18:16,18,1,0,0,0,0,hEnLp1RmWx0o0nBNTayU,Chick-fil-A Collier Twp,04582,false,2023-02-25 00:04:15,
250,0,5,72,52,238,1,0,0,0,0,7246,2023-03-17 10:03:37,7562,0,27,6,23,0,hKtMfZunGjh8mJEnKExJ,South Cobb Drive,00810,false,2023-03-13 17:31:23,
0,0,0,0,0,1,0,0,6,0,5,,2023-05-29 09:52:26,2,0,1,0,0,0,HSuSrencxUigXTrUqLDX,Chick-fil-A I-40 & MacArthur,02979,false,2023-03-17 18:21:30,
36,0,0,0,0,263,0,0,0,0,1,9667.55000424385,2023-01-17 13:25:26,25725.950004339218,0,2,0,1,0,huHwRPdbewbfQ7Agq1yp,21st & Maize,03015,false,2023-01-16 16:21:34,KS
829,32,34,783,625,10,0,0,346,320,21,-4,2023-03-03 21:58:07,58,0,229,51,70,0,iAkRbspKMoPRUSeazMGL,Navy Blvd FSU,03072,false,2023-02-20 17:10:55,
1951,50,53,1296,1064,69,388,217,372,71,19,1397,2023-01-09 15:43:41,2049,326,2,0,2,1,II1LCNbxn2dWLSe32c4L,Staples & McArdle,03523,false,2023-01-02 17:03:07,TX
2278,490,503,1154,1010,113,365,129,111,4,40,7.440332776226615e+27,2023-02-03 12:19:14,7.440332776226615e+27,274,457,306,34,108,iYrpxjni0C9iqNioc11b,Indian Trail,02965,false,2023-01-16 11:54:51,NC
602,46,49,5,4,250,23,2,193,668,19,,2023-01-30 11:10:28,433,15,13,1,0,0,JKzebifBnBB7WkqWxW0F,North Bergen FSU,03842,false,2023-01-30 15:32:54,NJ
1849,159,184,1663,741,12,2,0,360,126,38,7407,2023-03-30 13:13:13,37264,0,9,4,0,1,JqKg8M84lqiTmXVdYsjr,Chick-fil-A Braselton,04006,false,2023-03-30 12:19:32,
1238,22,25,943,684,22,156,46,197,118,40,71,2023-02-01 12:29:56,410,88,29,1,0,4,jZlKAlpq9SV6i9s92pla,O'Fallon,02645,false,2023-02-01 01:21:20,MO
2845,29,33,2247,1543,33,137,65,397,700,6,0,2023-01-23 10:28:38,402,146,34,45,38,13,K3GdzOphHjR16ztPWzNp,Granbury FSU,02674,false,2023-01-19 20:49:55,TX
0,0,0,0,0,0,0,0,0,0,0,0,,0,0,0,0,0,0,KbiVtjXAvJUYKYdW2Mb8,Mt Pleasant TX FSU,05299,true,2023-05-25 20:00:38,
27,4,13,11,2,13,0,0,22,69,12,33,2023-05-08 15:42:13,33,0,0,0,0,0,kDNy0dkOw7lKUu0BxmbO,MetroCenter,03927,false,2023-05-04 18:49:40,
150,11,13,78,61,0,62,46,119,486,15,10057.599999904633,2023-02-10 13:30:59,10058.599999904633,46,0,0,0,0,KfJOG8YjnXbTkZ0f7Zeb,Hillcrest,02256,false,2023-02-08 21:24:48,TX
382,103,163,42,11,51,34,4,223,897,38,3320,2023-03-16 13:09:38,3441,4,6,10,46,0,KnypuHK4MbmdvwRz9j7Z,Chick-fil-A Winter Garden,01918,false,2023-03-16 16:49:21,
1145,422,429,388,208,27,157,106,536,1884,44,2827,2023-01-28 05:08:26,14456,252,101,162,75,3,KWpO5W9XMNgQCp2p44XY,Auburn Mall,00342,false,2023-01-27 21:28:55,AL
2230,33,39,1133,538,214,13,0,256,1215,14,9,2023-04-01 15:53:46,9,0,135,23,10,2,kZ1fLMl1sTBfalxadLbl,North Valdosta,02444,false,2023-01-24 17:14:11,GA
934,15,16,730,656,0,142,48,36,15,4,72,2023-04-27 12:29:04,72,49,1,1,0,0,LhyAYQRvDSD1snvKGHs8,Hunt Club,00528,false,2023-01-31 14:27:00,FL
7,0,0,7,0,0,0,0,1,0,1,0,,0,0,0,0,0,0,m1277BHyj2uNfD3aFRF3,Rankin Hwy & Wolcott Ave,04870,false,2023-05-23 03:41:18,
0,0,0,0,0,0,0,0,0,0,0,,2023-01-11 19:25:18,38,0,0,0,0,0,M971gBKAvq2a9zvHpiZI,Paseo Del Norte FSU,01996,false,2023-01-11 08:35:36,NM
16,1,1,13,1,2,0,0,1,0,1,0,,0,0,0,0,0,0,mARPmAs6EFzYJJP9Qsow,Bensalem FSR,03965,false,2023-05-06 01:34:35,
0,0,0,0,0,0,0,0,0,0,0,0,,0,0,0,0,0,0,mcz37WtUGaPSXkGPDUJh,Denver West,03120,false,2023-05-19 21:24:22,
723,31,40,650,582,70,0,0,7,0,3,,2023-02-07 16:07:44,603,0,114,86,67,4,MdkDJEMpK1BMfBFltzh9,Parkside Town Commons ,03448,false,2023-01-12 18:29:54,NC
3,0,1,1,1,0,1,0,2,0,1,14,2023-05-15 16:03:01,14,0,0,0,0,0,mGevyCRJGGjDfpjK584U,Rincon FSR,03308,false,2023-05-09 17:37:22,
0,0,0,0,0,0,0,0,0,0,0,,2023-02-23 10:24:56,4,0,0,0,0,0,mZ9NgQZPF9KJKd4f2HXl,Mall of Georgia,01141,false,2023-02-22 14:18:57,
38,7,7,31,4,1,0,0,14,1,21,9,2023-05-26 19:47:19,29,0,0,2,0,0,NC4eWPbb0RUvjdCaEbId,Main Street,04900,false,2023-05-03 18:10:46,
2090,1668,1766,159,68,121,92,31,347,590,11,12971,2023-01-19 14:22:12,26786,81,99,56,82,2,neSDWI8hoREqFkN80rGg,Plant City,04827,false,2023-01-13 18:33:07,FL
278,52,56,92,51,19,69,32,174,623,6,9016.198000133038,2023-04-25 19:51:40,9016.198000133038,32,9,2,0,0,nNEekVeCa5n94t6axmYD,Windward Parkway,01170,false,2023-04-20 22:39:06,
0,0,0,0,0,0,0,0,0,0,0,8845,2023-02-08 12:28:45,11882,0,0,0,0,0,NQzz1J7PPl3oLMxnX8CA,Escondido,03243,true,2023-02-04 20:33:14,CA
546,40,40,455,242,0,27,5,292,0,13,4930,2023-01-26 13:09:25,9784,5,3,0,0,0,Nw4bALesHmvTyIBugxh5,Windsong Ranch ,04076,false,2023-01-06 20:49:34,TX
138,55,55,83,54,1,0,0,73,99,13,4300,2023-03-05 21:31:41,4439,0,3,0,9,0,OGJbygqHBVT3zDX3BjsU,Eastchase FSU,01446,false,2023-03-02 20:12:51,
61,42,54,3,1,2,2,0,23,41,0,379.19999980926514,2023-05-15 15:54:54,404.19999980926514,0,69,8,3,0,oHyV2toSWBaDJW0kqm0X,Marlkress,03912,false,2023-03-30 19:06:01,
253,78,107,97,21,27,1,0,292,95,18,325,2023-04-01 14:24:23,325,0,16,7,3,0,OKuMM2BCWYqyAB8bXXA6,Main and Houston ,04739,false,2023-03-03 19:18:20,
0,0,0,0,0,0,0,0,0,0,0,0,,0,0,0,0,0,0,oR24fwrJ8Y6plaOhlBpn,Chick fil a,30003,false,2023-01-03 19:46:17,
0,0,0,0,0,0,0,0,0,0,0,,2023-02-09 15:45:51,2,0,0,0,0,0,ORfGOalNEQEIgO9iFAWe,Pooler,01486,false,2023-01-08 20:42:35,GA
64,28,31,3,2,98,0,0,0,54,0,2997,2023-02-13 10:03:05,3289,0,60,22,16,0,p9OhoQfmNlNUT5qP50Dx,Harvey,02967,false,2023-02-13 00:58:58,LA
732,95,106,433,372,131,0,0,0,0,4,1972,2023-02-27 12:39:56,2359,0,74,25,1,0,pagtZxub37pU9hQ4ZO8D,Parkway East,00823,false,2023-02-01 20:57:16,AL
612,70,73,285,249,12,187,72,4,1,1,,2023-03-10 11:09:31,48,98,149,39,32,8,pCUAUyiwKrbWpSk80neC,Sully Plaza,03628,false,2023-03-09 17:00:12,
840,509,513,221,140,142,6,0,111,477,4,3714.9379991292953,2023-01-11 11:41:35,14939.926999360323,0,230,8,15,2,PQydClDThU6CXGcCKhx1,Casa Grande FSU,01966,false,2023-01-05 22:57:28,AZ
2828,89,90,2174,1418,144,185,83,309,617,22,7473,2023-03-02 14:07:58,8351,90,60,15,2,3,pTCGnq9MavZ2fyX7PODK,Commerce Avenue,00520,false,2023-03-02 12:40:39,
14,1,1,2,1,1,6,0,4,1,3,7,2023-03-31 16:04:05,9,0,0,0,1,0,pUbx3D3viSlN1I6mYtMZ,CFA Batavia,02785,false,2023-03-24 18:36:38,
0,0,0,0,0,0,0,0,0,0,0,0,,0,0,0,0,0,0,pW84puUtEhMBW99MYeUn,Auburn,04549,false,2023-05-25 18:48:17,
24,13,14,5,3,0,0,0,7,28,1,1,2023-05-22 10:58:28,1,0,68,3,2,0,pYbmyFfsKMgfmGEf08Mv,Arboretum FSU,00837,false,2023-05-20 15:35:19,
0,0,0,0,0,0,0,0,4,0,3,,2023-03-22 22:54:46,2,0,0,0,0,0,Qcdt6S8O9ilzeOUmBBkJ,Melrose Music City,04169,false,2023-03-14 01:05:24,
4451,1144,1172,2549,2004,148,271,177,573,2893,93,489,2023-02-08 23:01:55,1241,270,274,226,288,24,QF2334C06kDeTifbAVqK,Treasure Valley Nampa,03559,false,2023-02-07 22:26:10,ID
1454,115,116,940,881,20,171,126,175,58,20,2803,2023-04-08 05:26:16,2809,126,1,0,0,1,QktnWY7r9DLbyQGE3fCs,Mall at Fairfield Commons,00504,false,2023-02-28 19:07:49,
299,77,83,209,130,101,0,0,140,204,6,6436,2023-04-04 14:47:00,6436,0,118,24,6,0,qsnqEmpmqZgvV3I3fD3W,Turkey Creek,03639,false,2023-01-03 22:04:30,TN
259,0,1,258,158,0,0,0,475,4793,10,8,2023-03-23 15:06:40,8,0,14,0,1,0,qtDgbbPvRFeo1T6Lud1c,Owensboro,02584,false,2023-01-26 15:54:42,KY
0,0,0,0,0,0,0,0,0,0,0,,2023-03-01 14:06:49,1,0,4,3,0,0,QvC6yifpkEiuKEza3zBd,Northway Center,04513,false,2023-01-05 15:49:33,TX
2,2,2,0,0,0,0,0,0,0,0,4,2023-04-27 15:23:47,4,0,0,0,0,0,QYg2j7Ba7canE6eRcxZ4,West Cobb,00639,false,2023-04-27 19:07:38,
613,148,204,170,49,96,1,0,63,0,19,2249,2023-03-25 10:09:02,2372,0,10,0,0,0,r1mbCRrJbnnHaIo1YAew,Union Avenue,02308,false,2023-03-08 16:55:04,
233,6,6,181,68,11,37,1,256,148,44,705,2023-05-02 12:14:53,705,1,0,0,0,0,r1uHPkRzc9tnL4krfrfe,Chick-fil-A Justin Road,01033,false,2023-04-20 20:04:24,
0,0,0,0,0,0,0,0,0,0,0,,2023-01-17 11:41:52,16,0,0,0,0,0,rhfQML6wFNsI0hqwVjE5,Chick-fil-A MCO Terminal C,80780,false,2023-01-12 17:12:54,
1121,183,188,702,598,22,96,43,231,45,1,25721.960000276566,2023-03-13 09:04:27,31891.51000027731,44,22,7,1,2,RHpez0tR2KQW1e79cNbf,Derby Marketplace,03297,false,2023-03-01 17:46:10,
823,11,11,341,139,30,228,15,886,957,15,1843,2023-03-18 12:51:02,2068,21,283,46,50,1,rI4vMsjDg8kO4mDuRFnR,Mooresville,00780,false,2023-01-02 20:14:12,NC
691,21,36,206,135,33,191,95,126,305,6,4907,2023-04-22 14:10:25,4907,95,7,1,0,0,roT9HsNu3q1U86cVkKts,95 & 264 FSR,04269,false,2023-04-22 17:49:14,
666,12,13,209,124,16,203,30,184,337,13,675,2023-02-02 16:02:08,2358,57,9,4,0,0,rQmELZY5P4cIkAKF6gVU,Stadium Village,04950,false,2023-01-31 22:10:45,MN
463,41,44,312,232,9,40,3,61,730,4,19,2023-05-16 09:29:20,19,3,32,3,193,1,Rror5sklKK4m5DA7Numh,Braker Lane,00923,false,2023-04-12 14:12:58,
468,9,9,405,240,0,47,2,38,0,16,746,2023-04-22 16:52:16,746,2,1,0,0,0,rSR0QuLsUoiPNUekCg6Y,River City,01948,false,2023-04-17 20:58:36,
0,0,0,0,0,0,0,0,0,0,0,0,,0,0,0,0,0,0,rUqPVOImPdTHUpltvEBa,Lower Nazareth,02303,false,2023-05-08 20:22:59,
795,117,126,261,154,10,192,74,55,6,1,964,2023-01-17 11:21:12,1032,79,3,4,0,0,rWIm8PfhpjpWcE9hk0Rk,Chick-fil-A Lake Charles,02203,false,2023-01-10 19:57:22,LA
221,199,203,13,7,49,0,0,0,0,0,1147,2023-03-28 16:49:03,1223,0,19,8,18,0,rxk1oZ5olu7V3YyTFxdq,Southwest Decatur,00795,false,2023-03-14 20:12:06,
2000,628,658,1280,731,113,0,0,160,102,0,5424,2023-03-21 08:47:33,5834,0,24,24,27,1,SBHiMn19jTdTG7xNvwpo,Vestavia Hills,03339,false,2023-03-07 16:33:22,
0,0,0,0,0,0,0,0,10,0,11,2,2023-05-26 13:08:19,2,0,0,0,0,0,seBtfhQONLGpvryMw9O5,Americus FSU,05115,false,2023-05-12 17:19:52,
0,0,0,0,0,0,0,0,15,0,13,0,,0,0,0,0,0,0,sFae6zhGTzM18yYHGjzb,Chick-fil-A Waxahachie North,01698,false,2023-05-16 18:37:23,
25,0,0,23,0,0,1,1,52,5,35,6,2023-05-03 15:45:05,6,1,0,0,0,0,SIgbHZM2936SlG8zvsjA,Lake Park,04431,false,2023-03-16 18:22:33,
0,0,0,0,0,0,0,0,0,0,0,0,,0,0,0,0,0,0,sNAXYUs0oPONYJOLOMkK,Chick-fil-A Portland (TX) FSU ,04530,false,2023-04-13 14:10:49,
2,0,0,0,0,2,0,0,0,0,0,0,,0,0,2,0,0,0,snChbTTCk0s7FcR1jvgv,Desert Blvd,04081,false,2023-05-23 04:17:48,
0,0,0,0,0,0,0,0,0,0,0,0,,0,0,0,0,0,0,t0k0OxmYJsKhCGfZxUT8,TigerTown FSU,01445,false,2023-05-17 18:41:29,
0,0,0,0,0,1,0,0,3,0,2,16,2023-03-23 13:42:40,19,0,0,0,0,0,t0xSRnXOlviDNqgm8yR2,Chick-fil-A Altoona,03858,false,2023-03-23 18:02:37,
307,13,36,238,78,0,22,2,61,7,11,1484,2023-03-01 14:33:00,1923,3,2,0,0,0,T5zgQGoLJVqF5IkyXuZF,Parkway Place,00242,false,2023-02-27 23:12:50,
5150,529,537,4204,3974,141,198,146,568,1388,71,12493.550000198185,2023-01-09 19:15:39,14720.850000217557,221,123,203,69,47,t6nAP6drFHw2XvzAVpXk,Quail Springs FSR,02644,false,2023-01-09 22:53:32,OK
0,0,0,0,0,0,0,0,0,0,0,0,,0,0,0,0,0,0,tcqe1IiAsVItXxRVCgjG,City Creek Center Mall,03121,false,2023-02-17 16:10:27,
2175,5,6,1647,972,138,277,237,333,347,18,5657,2022-12-31 21:39:47,14391,479,14,1,1,9,TEEX6T3OHA6JHGU39ERW,Chick-fil-A Champaign,04325,false,2022-12-31 23:08:56,IL
947,100,108,398,268,146,176,70,274,110,23,114,2023-03-30 19:34:25,114,70,33,3,10,0,TOsIWu8vk4DC6e1leZ9O,Chick-fil-A West Hartford,03673,false,2023-02-10 04:42:45,CT
0,0,0,0,0,0,0,0,0,0,0,0,,0,0,0,0,0,0,TpG2I9yltBqwvj4q5pIK,Austin Highway ,02632,true,2023-05-03 16:31:51,
0,0,0,0,0,0,0,0,0,0,0,0,,0,0,0,0,0,0,TpYkevF8roKDSjF2LSNQ,Russell Cave Rd,04694,false,2023-03-28 16:57:20,
0,0,0,0,0,0,0,0,0,0,0,0,,0,0,0,0,0,0,TU9HFxgd3xJknfrgZgrZ,Germantown Pkwy,00981,false,2023-05-11 17:10:06,
1385,19,21,1255,1002,89,3,0,29,0,0,14833,2023-02-06 15:09:17,27483,2,12,9,1,0,TYITYYEMJellFhGrLWlG,White Oaks,03227,false,2023-01-20 19:27:08,IL
317,97,108,206,121,1,1,0,0,0,0,2179,2023-04-04 13:52:56,2179,0,2,1,2,0,uBEJm4cPNZIrU7ccAPow,Devonshire & Reseda,03827,false,2023-03-11 21:32:11,
7,1,3,4,0,0,0,0,8,6,1,173,2023-05-12 10:22:48,173,0,0,0,0,0,uh7Il8VYwPrfzmjYW1cW,Mall at chesterfield Towne center,00379,false,2023-04-06 15:58:57,
0,0,0,0,0,0,0,0,0,0,0,0,,0,0,0,0,0,0,uozn11pY2rBB67YxAFqv,Matthews,00836,false,2023-05-24 18:47:11,
167,1,1,59,10,0,42,14,50,77,11,1830.1400001049042,2023-05-13 07:51:18,1830.1400001049042,14,2,0,0,0,uY43WsQFE9GugmGuW5CE,College Drive FSU,02620,false,2023-05-03 00:20:54,
0,0,0,0,0,0,0,0,0,0,0,0,,0,0,0,0,0,0,v7GEIeMrcnWUnR92vmrB,Chick-fil-A SanTan Village Marketplace,01692,false,2023-01-23 20:30:18,AZ
88,0,5,73,2,7,4,0,10,3,11,23,2023-04-25 09:19:43,23,0,4,0,2,0,Vc92yVZzy5vBJF5AIAZv,Stapley Drive FSU,01524,false,2023-04-19 20:51:33,
73,1,1,45,7,11,11,2,15,52,6,105,2023-05-18 12:55:37,105,2,10,1,1,0,vGIcPA5sOe882LAUAbKJ,Ross Clark Circle ,01066,false,2023-05-03 18:44:37,
0,0,0,0,0,0,0,0,0,0,0,0,,0,0,0,0,0,0,vrIiBtwxzyipTW0uibaP,Chick-fil-A Raeford Road FSR,03282,false,2023-04-07 15:49:09,
381,14,19,223,80,0,91,5,46,6,1,35849.16999936104,2023-01-06 15:15:27,38748.969999313354,32,13,2,4,0,vRqA5RoM9sGXec8WnhUd,West Ocean City Chick-fil-a,03048,false,2023-01-05 16:52:31,MD
88,16,25,63,11,0,0,0,118,387,20,4185,2023-05-09 14:48:11,4188,0,1,0,0,0,vshhsTWR7LkHnY1MbihP,Central,01393,false,2023-02-08 18:24:05,TX
0,0,0,0,0,0,0,0,0,0,0,0,,0,0,0,0,0,0,Vt4Z9P6IPhpCg2O66W5w,Defuniak Springs ,05188,false,2023-05-17 17:53:31,
532,0,0,164,98,129,136,54,136,549,8,1740,2023-01-18 22:06:25,2217,117,3,0,0,0,vurp25hDk8uMZWJXrXeo,Olney FSU,03440,false,2023-01-10 00:05:30,MD
20,5,6,8,1,0,4,1,5,0,20,1133.8829998522997,2023-02-08 19:40:45,3949.8829998522997,1,0,0,0,0,WasDobXUvICYfV7tYB76,Augusta Mall,00009,false,2023-01-04 23:34:41,GA
1,0,0,1,0,0,0,0,0,0,0,21,2023-04-13 16:02:51,21,0,0,0,0,0,wv4bcXqBCzscbI7okgqO,Pewaukee,03859,false,2023-04-13 20:47:24,
13,0,0,13,0,0,0,0,8,0,10,0,,0,0,0,0,0,0,wZmbpHZTHHhQwOAOvVi8,South Burleson,02786,false,2023-05-12 18:53:00,
1333,390,411,663,357,27,75,22,173,162,3,1030,2023-02-04 10:52:06,4888,100,27,4,3,2,x0oEkvCSuteQNOi3Srln,Southern Pines FSR,05048,false,2023-02-01 00:11:12,NC
0,0,0,0,0,1,0,0,0,0,2,40,2023-03-21 15:36:34,51,0,1,0,1,0,X2drgYtQkHwVbtjijAbj,Bowie FSU,00691,false,2023-03-09 21:08:13,
289,21,25,220,158,60,0,0,139,1615,11,1415.5,2023-01-14 15:00:13,4391.5,0,38,7,0,2,XBSuJQcA4ZUTKfrGxxo6,Cypress Ranch,04763,false,2023-01-13 16:11:28,FL
330,104,128,184,138,44,0,0,311,969,122,37090.85000193119,2023-02-08 14:15:46,41952.00000193715,0,52,7,12,0,XfF3ntg0YZJCGars6Env,Albemarle Road,00789,false,2023-02-02 18:07:41,NC
403,100,114,235,150,2,31,8,74,380,9,1432,2023-05-09 15:10:55,1462,8,9,0,0,0,XHduBNwvqqJO7t82ZgIW,West Broadway Avenue,04738,false,2023-05-09 14:03:37,
0,0,0,0,0,0,0,0,0,0,0,0,,0,0,0,0,0,0,xhNas7H9AHJIJXQKsIGx,Austin Highway ,02632,false,2023-05-03 16:26:27,
0,0,0,0,0,6,0,0,0,0,0,8363,2023-03-22 12:15:54,8426,0,2,0,1,0,XK4YGiBjLG3wu863q11S,Smithtown,03727,false,2023-03-22 14:46:43,
122,67,76,26,7,3,2,0,125,659,114,2,2023-05-05 06:41:06,2,0,5,0,3,1,XSeGhpW4nB0NHQl4H8NY,Chick-fil-A Mesquite,00864,false,2023-05-03 19:11:13,
1487,202,212,1242,687,81,0,0,147,39,13,8224.950000047684,2023-02-07 11:08:51,15714.950000047684,0,29,44,149,1,xw9ih9Faf1hYjjdjhIBt,I-10 & Carrollton DTO,04891,false,2023-01-25 17:09:38,LA
2246,511,516,1472,1371,73,179,118,339,140,12,12434,2023-01-26 13:40:06,23602,188,123,64,36,5,y88mgLSOuXxIV4yjQZfk,Chick-fil-A Mount Airy,02957,false,2023-01-17 15:11:45,NC
0,0,0,0,0,0,0,0,0,0,1,0,,0,0,0,0,0,0,yAMMsnAAzJCntWwtNDQD,The Pinnacle,03529,false,2023-03-10 19:11:03,
3807,91,97,3145,2441,89,139,81,355,52,55,1362,2023-02-22 14:23:41,4138,110,30,16,2,88,ybUpMg1niGvlat0nlDXY,Bush River Road,01149,false,2023-01-17 16:25:44,SC
0,0,0,0,0,0,0,0,0,0,0,0,,0,0,0,0,0,0,yiglAJMlebQIyU7i2lVX,Chesterfield Valley FSR,01976,false,2023-04-25 19:07:12,
0,0,0,0,0,0,0,0,0,0,1,0,,0,0,0,0,0,0,yJn4ps8pNGCV05CY09sD,Northwest Crossing,02513,false,2023-01-05 15:45:04,TX
470,11,11,371,252,37,104,56,130,44,13,20752,2023-02-08 14:04:12,41992,117,13,20,10,0,Ynnc1p2tTaYSeUEpL3Nf,Mint Hill,04436,false,2023-02-02 17:24:44,NC
542,3,8,405,151,0,67,1,116,0,13,3286,2023-04-21 12:41:26,3286,1,12,0,0,0,yWIh8RWeeoX6fLiworuY,Jefferson,05118,false,2023-04-17 21:29:46,
0,0,0,0,0,0,0,0,0,0,0,0,,0,0,0,0,0,0,YzI8A8893QKKnnr53eZ4,Lenox Square,00139,false,2023-01-31 18:31:06,GA
0,0,0,0,0,0,0,0,1,0,1,0,2023-02-01 14:40:37,0,0,0,0,0,0,Z3sB3BQprqrxtgNhpMDq,Edgewater Mall,00092,false,2023-02-01 16:49:49,MS
137,2,2,0,0,103,0,0,84,449,6,3604,2023-02-25 13:59:33,6682,0,4,1,1,0,zH06nBTjHBBcUqxVu5rg,Chick-Fil-A 7th Street DC Inline,04502,false,2023-01-09 18:02:06,
775,47,54,668,498,71,0,0,199,1024,3,16248.509999990463,2023-01-12 16:56:29,24489.509999990463,0,1091,658,341,27,ZjgVCDPKfgSbn6GVzNZO,Milford Miami Township FSU,03817,false,2023-01-12 21:17:47,OH
380,3,3,132,55,2,95,9,38,49,3,558,2023-01-25 10:23:28,591,28,0,0,0,0,znhgZwhc4ne82lqNPeKo,Waynesville FSR,03641,false,2023-01-25 15:12:04,NC
1058,21,23,876,170,3,66,2,141,81,18,1059,2023-01-07 14:35:34,1072,2,2,0,0,0,zvabXzTmUNQrNhrEUDZ7,City Ave In-Line,04953,false,2023-01-06 18:01:42,PA
